{
  "timestamp": "2025-12-22T21:11:16.703020",
  "ticker": "PG",
  "cv_results": {
    "Conservative": {
      "mean_mape": 18.86316981835305,
      "std_mape": 5.363549805697129
    },
    "Balanced": {
      "mean_mape": 15.494136943350043,
      "std_mape": 6.116346140700765
    },
    "Aggressive...": {
      "mean_mape": 14.63754510237904,
      "std_mape": 6.357479396464482
    }
  },
  "best_configuration": "Aggressive...",
  "best_cv_mape": 14.63754510237904,
  "best_parameters": {
    "n_estimators": 150,
    "max_depth": 4,
    "learning_rate": 0.05,
    "subsample": 0.8,
    "colsample_bytree": 0.8,
    "reg_alpha": 0.5,
    "reg_lambda": 5.0,
    "min_child_weight": 3,
    "gamma": 0.1
  }
}