{
  "timestamp": "2025-12-23T16:37:09.944788",
  "ticker": "AAPL",
  "cv_results": {
    "Conservative": {
      "mean_mape": 23.634744997704324,
      "std_mape": 3.3096265212842484
    },
    "Balanced": {
      "mean_mape": 19.659005141953894,
      "std_mape": 3.2143309397452264
    },
    "Aggressive...": {
      "mean_mape": 15.787616851814402,
      "std_mape": 3.423964936820188
    }
  },
  "best_configuration": "Aggressive...",
  "best_cv_mape": 15.787616851814402,
  "best_parameters": {
    "n_estimators": 150,
    "max_depth": 4,
    "learning_rate": 0.05,
    "subsample": 0.8,
    "colsample_bytree": 0.8,
    "reg_alpha": 0.5,
    "reg_lambda": 5.0,
    "min_child_weight": 3,
    "gamma": 0.1
  }
}