{
  "timestamp": "2025-12-22T21:09:24.158004",
  "ticker": "MSFT",
  "cv_results": {
    "Conservative": {
      "mean_mape": 26.92945648379896,
      "std_mape": 7.517233842598173
    },
    "Balanced": {
      "mean_mape": 20.398653644437093,
      "std_mape": 3.531772969526903
    },
    "Aggressive...": {
      "mean_mape": 15.221355206449639,
      "std_mape": 3.0617011122152586
    }
  },
  "best_configuration": "Aggressive...",
  "best_cv_mape": 15.221355206449639,
  "best_parameters": {
    "n_estimators": 150,
    "max_depth": 4,
    "learning_rate": 0.05,
    "subsample": 0.8,
    "colsample_bytree": 0.8,
    "reg_alpha": 0.5,
    "reg_lambda": 5.0,
    "min_child_weight": 3,
    "gamma": 0.1
  }
}