{
  "timestamp": "2025-12-21T20:56:24.317317",
  "ticker": "MSFT",
  "cv_results": {
    "Conservative": {
      "mean_mape": 20.398653644437093,
      "std_mape": 3.531772969526903
    },
    "Balanced": {
      "mean_mape": 15.221355206449639,
      "std_mape": 3.0617011122152586
    },
    "Aggressive": {
      "mean_mape": 15.483885367952226,
      "std_mape": 3.286498650146103
    }
  },
  "best_configuration": "Balanced",
  "best_cv_mape": 15.221355206449639,
  "best_parameters": {
    "n_estimators": 150,
    "max_depth": 4,
    "learning_rate": 0.05,
    "subsample": 0.8,
    "colsample_bytree": 0.8,
    "reg_alpha": 0.5,
    "reg_lambda": 5.0,
    "min_child_weight": 3,
    "gamma": 0.1
  }
}