{
  "timestamp": "2025-12-22T21:08:11.297857",
  "ticker": "XOM",
  "cv_results": {
    "Conservative": {
      "mean_mape": 18.198695643248037,
      "std_mape": 5.601599533950131
    },
    "Balanced": {
      "mean_mape": 16.268241129539028,
      "std_mape": 5.572142535610139
    },
    "Aggressive...": {
      "mean_mape": 15.239834365343375,
      "std_mape": 5.5703156224724415
    }
  },
  "best_configuration": "Aggressive...",
  "best_cv_mape": 15.239834365343375,
  "best_parameters": {
    "n_estimators": 150,
    "max_depth": 4,
    "learning_rate": 0.05,
    "subsample": 0.8,
    "colsample_bytree": 0.8,
    "reg_alpha": 0.5,
    "reg_lambda": 5.0,
    "min_child_weight": 3,
    "gamma": 0.1
  }
}