sales_revenue,cost_of_goods_sold,overhead_expenses,payroll_expenses,capex,net_income,ebit,total_assets,total_equity
73800000000.0,31200000000.0,8500000000.0,16800000000.0,11200000000.0,18500000000.0,20100000000.0,358200000000.0,251400000000.0
71400000000.0,30100000000.0,8199999999.999999,16500000000.0,10800000000.0,17800000000.0,19300000000.0,362100000000.0,254200000000.0
76200000000.0,32400000000.0,8800000000.0,17200000000.0,11500000000.0,19200000000.0,20800000000.0,367800000000.0,258100000000.00003
78500000000.0,33100000000.0,9100000000.0,17600000000.0,12000000000.0,20100000000.0,21700000000.0,374500000000.0,262800000000.0
81200000000.0,34000000000.0,9400000000.0,18100000000.0,12500000000.0,20800000000.0,22400000000.0,382100000000.0,268200000000.0
78800000000.0,33200000000.000004,9200000000.0,17800000000.0,12100000000.0,20000000000.0,21600000000.0,386400000000.0,271899999999.99997
83100000000.0,34800000000.0,9600000000.0,18400000000.0,12800000000.0,21500000000.0,23100000000.0,393200000000.0,277100000000.0
84600000000.0,35400000000.0,9800000000.0,18700000000.0,13100000000.0,22100000000.0,23700000000.0,401800000000.0,283400000000.0
