sales_revenue,cost_of_goods_sold,overhead_expenses,payroll_expenses,capex,net_income,ebit,total_assets,total_equity
25610780000.0,14356910000.0,8870809000.0,4435404300.0,604835400.0,3420233717.112282,4254175701.5832634,1542416750000.0,116349250000.0
25610780000.0,14356910000.0,8865918000.0,4432959000.0,632853500.0,3420233717.112282,4254175701.5832634,1543117374728.4502,117049874728.4501
25610780000.0,14356910000.0,8865918000.0,4432959000.0,598202200.0,3420233717.112282,4254175701.5832634,1543817999456.9004,117750499456.9002
25610780000.0,14356910000.0,8718778000.0,4359389000.0,598426700.0,3420233717.112282,4254175701.5832634,1544518624185.3506,118451124185.35033
