{
  "timestamp": "2025-12-22T21:09:43.288005",
  "ticker": "COST",
  "cv_results": {
    "Conservative": {
      "mean_mape": 19.71476276712312,
      "std_mape": 5.958648628645929
    },
    "Balanced": {
      "mean_mape": 14.02080487639601,
      "std_mape": 2.0340986581790292
    },
    "Aggressive...": {
      "mean_mape": 9.784979045312582,
      "std_mape": 1.0554534470448296
    }
  },
  "best_configuration": "Aggressive...",
  "best_cv_mape": 9.784979045312582,
  "best_parameters": {
    "n_estimators": 150,
    "max_depth": 4,
    "learning_rate": 0.05,
    "subsample": 0.8,
    "colsample_bytree": 0.8,
    "reg_alpha": 0.5,
    "reg_lambda": 5.0,
    "min_child_weight": 3,
    "gamma": 0.1
  }
}