sales_revenue,cost_of_goods_sold,overhead_expenses,payroll_expenses,capex,net_income,ebit,total_assets,total_equity
72500000000.0,31500000000.0,8199999999.999999,12800000000.0,7800000000.0,18900000000.0,20500000000.0,358200000000.0,252100000000.0
76800000000.0,33200000000.000004,8600000000.0,13500000000.0,8100000000.0,20400000000.0,22100000000.0,368500000000.0,259800000000.0
79200000000.0,34100000000.0,8900000000.0,14000000000.0,8500000000.0,21200000000.0,22800000000.0,375900000000.0,266300000000.0
81600000000.0,35000000000.0,9200000000.0,14600000000.0,8800000000.0,22100000000.0,23600000000.0,383700000000.0,273200000000.0
84300000000.0,36000000000.0,9500000000.0,15200000000.0,9200000000.0,23100000000.0,24500000000.0,392100000000.0,280500000000.0
87100000000.0,37100000000.0,9800000000.0,15800000000.0,9600000000.0,24200000000.0,25500000000.0,401200000000.0,288300000000.0
90000000000.0,38300000000.0,10200000000.0,16500000000.0,10000000000.0,25300000000.0,26600000000.0,410800000000.0,296700000000.0
92800000000.0,39400000000.0,10500000000.0,17100000000.000002,10400000000.0,26300000000.0,27600000000.0,420900000000.0,305500000000.0
